,/g/11hy9m64ws,/g/11j30ybfx6,/g/11q4gh4b8f,/m/0b7k33,/m/0cycc,Naloxone,bronchiolitis,drug overdose,influenza,nirsevimab,overdose,rsv
US-NH-500,47.26051043478764,25.410104350230096,0.0,14.16397015721316,2853.4807218097408,14.610667285380107,4.347097506516514,19.126358090053674,166.8466098259618,2.5587523025665315,440.626791591872,244.52925726633046
US-NY-501,41.33427159113323,20.87199879713662,1.827344217266389,17.055649766274787,2802.035897612814,30.15365839533383,19.458285994244797,32.29839534012562,195.33553180046584,0.7555837179622914,488.68836552072867,252.1278306023427
US-NY-502,87.32972804746858,12.283671317374536,0.0,12.02816151591305,2289.2485321520703,63.71793569153355,3.1223914794208594,4.066554224465261,65.439337449398,33.78827509330638,70.45760780274342,283.08129044229514
US-GA-503,42.51836188642384,10.565754345134877,0.0,1.8281632801202172,2202.5030268676755,20.363585638965716,18.874951549027482,13.854993493050287,43.201763594155395,9.19129183923512,184.7592378915003,222.6717550446723
US-PA-504,49.99643792920121,28.32652920833324,1.5361586305288717,16.69136847655658,2937.463038476813,34.68918493309731,16.108973195298613,23.903596387865157,190.29773738016868,0.9712231658533089,579.2255498500093,300.6387620959099
US-MI-505,52.16570796466466,25.725882018411138,0.0,15.226414962534331,2869.106720673725,17.95988896454751,5.681268105169482,9.763274210684393,270.31974877488824,2.1323912076113647,518.1829862860126,338.05478677495864
US-NH-506,52.49865634787063,32.18215909484507,2.421644921473082,16.739795034898883,3109.537889200156,26.77456935627985,11.515489908880927,24.272872080534086,213.97266963337978,0.9802892283389654,578.5630227053754,312.1980884851448
US-SC-507,38.95289077364953,16.099314517960376,0.0,8.480692411190692,2191.6010129122587,4.472773457117856,13.045592747895396,68.66343486794787,38.31353534145497,78.78499217791952,215.03809797758996,206.0737990630953
US-PA-508,58.63112837799089,31.33323498214796,0.6541082163996155,8.18602635833937,3007.0938436882725,11.637941920872684,6.196946230264835,11.463044257861203,159.99430276533204,4.114848719008669,580.7856038676285,299.1425580946054
US-OH-509,73.17966189927176,14.790176250231502,0.0,10.698857289096068,2295.1702576672565,2.082924892789819,79.41552441474114,1.581069008945957,233.06443402384025,17.329080061244248,207.4658336442825,233.02709249338784
US-OH-510,52.89538982218876,24.785996729672192,0.0,15.971577398321408,2849.437365750337,17.162756450735355,5.671651322948882,14.177534226118297,206.21630753594,1.3539718196482713,556.3471128526025,322.4290087160558
US-WV-511,44.26798673352111,27.372360304062877,1.9613706653851046,11.378036700784977,2962.973190547065,32.46582934148084,8.8128655759779,21.77959841844222,287.70045505671266,0.10216579727057035,477.6488862722913,295.783024540197
US-MD-512,50.52213994485415,25.373622705465138,0.0,9.259809677323977,3061.2612473988484,14.96110716731693,5.267688106437279,7.259874762679062,154.87800872453303,1.006223623402397,493.3157743472014,289.2563636468664
US-MI-513,55.958360748798874,12.890224831397346,0.0,4.782503852586804,2554.224624976006,22.918197168991107,5.288643978187114,6.688045453244288,259.84167072773613,5.903471397864605,389.64759771386076,323.57624055288534
US-PA-514,54.03428950375324,24.983444957074088,0.0,8.453839380691837,2646.551619470944,3.7174274677303156,4.167700926766807,10.625946730342372,123.55407061799075,3.66210070924743,460.9042247713711,311.477759160474
US-OH-515,49.56015075919438,23.63926986497373,0.0,7.364878483586161,2898.9785263877766,10.600216785719924,4.194232001906925,5.574931588919083,138.80012429243953,4.911595562357998,487.07457445570526,261.0041675642365
US-PA-516,46.53426216076981,8.393817640180702,0.0,27.901955241767627,2172.701498638191,23.37140741076041,64.88661783067363,45.56725065940551,132.8605082506959,9.945238264286006,151.25064753245496,289.8730876859352
US-SC-517,49.47250459764026,17.865525046706743,0.0,8.346521339706003,2793.9838030360793,13.587908812908456,8.444421796215655,4.668624098761721,107.99853903893181,3.9229854536512203,433.4217718512387,292.0519330625715
US-NC-518,61.475718613159756,23.665455025058264,0.0,19.62878158044218,2745.9005420303183,7.68438953047234,3.185119050781387,4.683016080784954,73.28063627444358,3.699478174571921,387.7233937267073,311.47299704783427
US-SC-519,41.2815166013893,13.7298504792157,0.0,55.39034236547449,2464.4379478771853,79.60255133858439,26.878268342690923,3.6499932326062825,62.29678029408762,8.973639067995936,260.89065536914944,251.51957176491584
US-SC-520,38.52841341268531,2.6077424482031235,0.0,24.096930195340114,2192.6896791002428,32.398826378630716,11.746654173856053,29.189560803647982,67.88311175444667,7.413361708333678,196.82468874228792,190.79047456995374
US-MA-521,58.6340320306399,36.34313900314207,0.0,11.359253207589136,2959.5188414575846,6.477567799322253,8.248532194023861,3.0001382317644176,82.36179531897541,9.794003291533281,457.78418421886505,248.4358485565701
US-GA-522,67.28117989139251,3.620230045075007,0.0,40.94994334687769,2306.132075488651,16.435223245937294,38.92118942057753,55.43907186720698,29.09871220041106,62.33022375063497,132.96915434185718,196.18191640430334
US-VT-523,42.120938910937475,22.925159380311985,0.0,4.566579203393645,2831.0824221991297,3.4147159714856734,1.9636694035958555,22.960353618710883,86.86538341053715,21.211499719689048,362.7865585812556,277.99358178105075
US-GA-524,45.18854571804859,20.34410846648649,2.1439601482248407,13.577024952073446,2845.5632546900333,17.493317011912882,8.90386191236181,15.676868938328607,191.2935088066771,2.081096066860609,497.2348984327556,295.18324804788205
US-GA-525,56.13152912882106,30.669885226690635,0.0,46.885521715326135,1953.139301430269,140.4883256024452,8.957165113011497,21.81813922987787,82.109804145112,17.503936845276044,65.84532462966051,220.64542842534672
US-NY-526,63.13157678731817,211.54781055015698,0.0,136.88873219035457,2243.346755004345,179.90260819840702,194.0980326242356,85.24117788217508,67.11136902554313,7.76324714336472,239.92618014070038,250.42189778326264
US-IN-527,49.05287551542093,20.261814648973147,0.0,8.793094635374919,2853.6070524373154,18.76717331011152,8.481156443497632,7.921940912080053,220.78266259968797,3.5244044179695595,531.2092206356831,295.5480048286225
US-FL-528,32.491715543027674,12.752326337541598,0.0,3.313044888855498,2341.6728164319247,7.960877475138765,4.325669016005362,5.702327808755303,214.22567713476235,6.519110167896767,370.3850236871029,157.04451332401004
US-KY-529,54.00935292228589,18.99416269333317,0.0,15.144973767105457,2928.1561390978036,6.36623304734703,5.3262718633148785,16.36637343442929,79.7157795387632,0.9623212049648637,473.04206459440445,368.4345946610762
US-GA-530,51.74324221349864,3.5799556223583275,0.0,2.484502733529543,2468.7622242435164,25.554151496006813,3.3013294299562,28.21658343502644,64.94488979042349,10.564070933263093,170.6807981846306,194.70269091900866
US-VA-531,48.44299969810289,12.65457203744358,0.0,9.390900908223728,2797.342244829344,2.4214156132994553,22.739705174142706,18.945618678831718,37.577962725339695,26.770820343920487,297.0251240287531,406.70731585448334
US-NY-532,55.13588958403763,28.039005622149666,1.0237921261776914,7.228373447454397,2925.55689426467,6.930639790335074,4.963842770735569,4.784523515679005,86.01587946884165,1.1710286559085201,468.26534396659906,298.52333727108817
US-CT-533,58.365269419704234,31.791627250058905,0.5962285773350768,8.238759201018674,3069.6013877952105,14.690306088590836,7.396451557881107,10.716119163362466,138.6283134182555,2.3912611879236394,513.6189898921488,283.56833586868584
US-FL-534,49.741364558344785,24.130283809415115,0.0,6.955973751580655,2587.2607738493684,6.8957221301358365,3.498896756951723,7.512007454762402,155.37187068655012,1.031324417212719,472.2015303750776,229.16972562314362
US-OH-535,43.44471718146714,20.93091301671618,0.0,7.349741630444517,2810.6265937586345,13.72872999702247,4.591921903367288,10.312933730780797,187.9501231956628,4.949432873965135,517.3059964034319,265.18105124725514
US-PA-536,47.684121562502156,32.021990838446705,0.0,24.24658688607872,2287.3206086794453,50.473440944039844,52.82161189159483,27.032734681618624,132.5616943323837,49.514211514466794,287.90344935675313,227.5526965271057
US-ME-537,45.451888022516854,4.943616009585827,0.0,35.78266756973918,2498.8091296348675,64.9059085037038,20.756662376572546,37.285025017333915,200.9469253490151,20.149663343800793,118.91722360109,209.98152046954257
US-NY-538,54.00736208288566,33.616881726018256,0.0,6.713107081455349,2877.772072173018,14.434948980448944,8.770511214084639,2.7580125038407766,84.4659889183973,5.204956173542222,377.08557772053547,324.5281068008952
US-FL-539,52.75630073621743,22.707173453926245,0.541002156568942,10.333634855378598,2596.4717216647136,10.283265486541264,5.145112766805197,9.20808713380788,158.64527218200607,1.4445002360941743,478.3826991286485,259.4973786251614
US-MI-540,66.67641811810229,66.84541986539917,0.0,6.823317486250739,2338.8476959357104,7.5626519375477805,31.57790289607798,125.07744498369505,249.17615567020798,39.367447570560074,141.2689523844114,301.74105929601734
US-KY-541,59.17618488867931,37.46270448000498,0.0,16.97265659356323,3046.7986883017156,14.195158559313752,20.141504927487887,45.66758915521965,71.4571222512528,6.708013290298625,478.1565242176701,377.16407064288643
US-OH-542,48.63078566545549,15.769150166084417,0.0,20.437750890415508,2634.3427117904753,2.69256766361566,7.0826855324452875,6.829065929983233,164.4136009426283,5.777320065731066,407.4734358261313,271.49477055774446
US-MA-543,59.58261351186643,45.569253683893294,0.0,7.416044080879722,2595.1992228657878,4.1027264185151635,8.394364832785113,5.503678556741785,63.793533589872425,13.22382025867881,272.4767581653296,281.2145538222815
US-VA-544,44.67569786475166,21.869716556951268,0.0,4.207728189445271,2622.1343879175497,9.29055025886375,7.587792242146258,6.220463093750253,86.92018730694961,0.9453737099198776,435.2063700073019,246.05095825355855
US-NC-545,77.57868327553797,13.19196694348737,0.0,45.65763282460449,2357.1796572417225,14.488091320035632,9.272436894450138,72.16289808986467,40.35689476170496,47.302675177250215,332.3390208055992,327.6361334851187
US-SC-546,62.97214362668816,17.375182641110218,1.8732101765744233,66.50305817811142,2631.6675027637543,3.6775576664464813,16.505587535610815,5.833308370542771,55.079475310688274,8.981551892825575,293.69274245511565,262.899288433274
US-OH-547,51.07978622893767,20.340786337735818,0.0,9.0187665118224,2541.3734267121094,12.063722930477308,2.060468799660599,8.963066466158908,261.2941890231313,13.177900946573626,365.4861066827544,262.3398302060308
US-FL-548,61.653485489582,20.996754804678414,0.0,19.95899120631143,2248.15924888106,9.536595860448267,12.191069273521249,6.898070713487603,112.30554232292573,18.131394849584463,371.9177277848079,198.54082129341944
US-NY-549,101.50023847894984,34.25982399077338,0.0,270.0886825597518,1891.4737513220941,699.777231540644,51.1719797709089,338.0876650078952,137.46073785303855,261.6204541667308,71.95544973903799,284.0940690054359
US-NC-550,99.22523264208647,33.76262328004217,0.0,7.207239135833996,2391.087909046727,2.80305048706858,22.688915479141176,3.4544584613589056,25.31080034430523,41.99964445639664,125.22420671643827,300.6084192083112
US-MI-551,127.45100774647526,6.899693846901023,0.0,26.04613662340305,2519.1935150324866,13.95064467571402,22.053899819945958,6.469129142299253,215.97053426424145,13.8584692157399,247.5814603893076,253.11761831992214
US-ME-552,162.4656702637953,358.92201783989424,0.0,436.0118356078154,1287.6563650408436,611.8832553717474,229.08862679741569,844.3447615455439,102.95861241064178,630.3439063876776,622.9872043734151,433.0077907304053
US-MI-553,40.93987524326169,3.2099890087578524,0.0,48.561146867223464,2007.3752292659844,26.36029665296196,53.05783135669857,62.670951122431234,226.54744734998522,34.346837288262854,78.75642687289069,201.56669042433012
US-WV-554,212.451688680355,44.52108141169012,0.0,62.705207727124495,1873.83550705966,83.6536975518203,284.80659868918315,5.6132597331318115,250.94533668585453,65.26075725532331,75.34023015592219,198.2335587534464
US-NY-555,50.61084038901208,22.62120944483757,0.0,8.795601647084586,2935.6197550162137,20.35789561610034,6.170277275246368,7.1330023708529735,68.44673256463483,4.616247599347273,410.03799311681297,281.29584763654765
US-VA-556,49.30398851262511,30.588343133758112,0.0,22.39198607423511,2889.046906255091,3.5142510644787595,7.04016264940456,3.996065005848786,78.76288698404245,12.015074590217152,397.86389990647353,276.45669991130836
US-TN-557,48.51276496042358,22.462752550091132,0.0,22.481517559874703,2844.130260978268,41.794475881847546,9.701068096136348,41.086362436546736,53.55831207966253,3.005109273948337,383.3209154349887,303.489380404835
US-OH-558,12.766039985349758,94.27444853543084,0.0,45.65957019814756,1409.057285876823,16.720934160006,104.56319778034855,4.469903413277455,192.30118605064095,76.30212660787458,65.81616087392277,109.61452750360758
US-WV-559,221.52881232714142,288.63042804353427,8.56329533242321,102.80111646005568,2367.485108058567,89.54753113859184,2.0996415524361116,296.5204506717549,14.479339835209423,160.1284392825224,162.3338142837502,338.64682557953887
US-NC-560,57.758468835701386,26.942585814385524,0.36329097111360487,6.811868795064448,3053.8532051456864,11.245301504791865,4.401283232768862,9.725318552616018,169.73383910722134,4.737259093542601,465.0028845690049,316.85731587175525
US-GA-561,68.32988702685269,29.626282668761508,0.0,22.055466684974004,2354.104453996882,11.174341609730215,14.521371789097811,1.354139760867281,77.19075739199239,5.591003091145198,355.5094895869118,261.40824755873194
US-MI-563,51.77307128102875,24.51577490458494,0.0,16.716642399469755,2690.2301388462615,8.008372405501751,7.697478978011357,3.856372206251218,300.7276377381278,4.743628573428298,443.9004258748297,298.56630459481136
US-WV-564,52.47867089966655,13.640704396389243,0.0,8.840709945663123,3009.782619319537,25.455344994278633,13.505975850720509,20.923511833507348,55.32082974726306,3.863969893477993,506.54309797848794,376.805722340771
US-PA-565,165.96595498298575,27.727542574188192,0.0,192.17302751789097,1871.5819888599494,92.20381575137013,100.12438851938937,107.85148125476469,20.02757996154868,111.93123528848416,118.82337187694273,268.6679776130616
US-PA-566,62.27162218121995,32.280102399210655,25.13906344555975,9.158519853038372,2786.648173518611,5.474984044663487,3.1423569291104356,14.323410263316042,117.34464006325665,2.043625487114296,456.35132244889195,306.60435782535376
US-SC-567,65.2923586376175,33.72826330435604,0.6612902409766703,6.050491340227033,2951.604030875914,7.09000483062059,6.718113968140085,12.353193903860301,83.5329250251713,14.649251180462466,410.7922914204848,341.35707335461086
US-WV-569,41.60039937602028,62.38075347332393,0.0,24.82464440017264,2237.599698468235,45.31333858553614,24.903910852849915,38.51708654089518,25.398449194558456,2.455496517070938,37.94365199690739,241.01170310926327
US-SC-570,81.92496064860978,34.866148952437506,0.0,22.43828433311534,2246.039817772288,67.14011028515336,40.87612254389528,21.881428316734823,101.18660991520231,43.2173250173483,272.2101594827916,213.7714734030559
US-FL-571,63.693136569313445,36.42078311350019,0.0,9.827686824370362,2198.7508937993925,22.3159546059582,13.105976337833772,32.214073275595986,94.22106506862272,21.596036496932413,274.38711142414616,231.6273880011888
US-VA-573,74.91670135154675,16.404740732890367,0.0,8.190253119471466,2683.4103845395575,26.927528340782885,23.431493757507248,5.132145544926861,79.5862509830827,20.60989178901293,396.40421063283077,299.8244707630261
US-PA-574,47.83257010880287,81.19735190271135,0.0,33.28559483106329,2564.046468338814,18.238192166025385,8.466750809869207,44.91333135450026,93.4088049254295,23.227434219141443,289.70205992355494,253.47276766302195
US-TN-575,69.23588624725932,45.95541264899944,0.0,4.808502531531313,2651.4695670574934,13.193070304018903,24.703053126483713,32.01413313299695,38.370026140020876,23.887614636611755,283.3010112642956,249.5698588050078
US-MD-576,52.04914051794548,168.80686996986105,0.0,4.209125053578392,2208.9131611223756,21.632312987324873,6.128171520162791,206.798312243363,33.33817685484272,21.958990969017304,149.88422636457864,277.4573382493685
US-PA-577,62.85360184216681,30.33309772030086,0.0,3.659337917896327,2761.2015953805244,5.601443341894108,8.69173863466871,17.80561401061639,120.06572134465144,1.3897770594440877,486.44960470123823,333.54624413569235
US-IN-581,132.67999777649285,31.25353008308644,0.0,40.57462469101153,2064.34073392288,22.811803062164053,65.06079653136854,20.419828900347635,176.44124049682495,26.85318795715857,81.67728875275539,193.42859914651837
US-IN-582,39.04373189266744,18.859975981785972,0.0,55.253554991621016,1694.5909741364108,120.93402179222085,10.774144547334537,6.942913308484872,54.95448139598894,16.426982926580283,99.73254160990622,59.87607436321916
US-MI-583,1871.8805594735506,7192.362252114517,0.0,781.1221170608063,1552.5991107341429,9049.458675145364,3453.249664252135,7752.380000521289,2382.038627866866,692.2380726863215,4088.649215842284,1743.8783682471328
US-VA-584,23.863798107075933,18.582568992996137,0.0,22.527715655341176,2575.408052150976,28.164686607634106,6.411720846060916,26.475101494036902,42.4893972472082,16.42282856481909,78.50385212132568,152.28170254825295
US-MI-588,64.81429407696979,27.00890858344496,2.249422335745691,76.55364008853931,2374.695688705458,13.141604265334312,30.528564970519533,13.63112934570334,191.33547771378494,46.343302986319415,260.43383319671614,229.68348589999798
US-FL-592,44.6940241344103,7.029655532167024,0.0,31.191744728744602,2383.7172858758404,15.039892476130616,15.081230649887063,16.578051068984585,62.23455398577132,69.29174392878683,150.67228170048054,140.35904084859544
US-OH-596,155.44830997331044,184.9506923044697,0.0,101.19570427533263,962.8299486950601,38.59079668649972,308.53822300174005,63.93363298427873,44.580126179403216,57.19923430936518,96.79065831679777,253.92538953310594
US-WV-597,412.4443211789763,208.19920895866673,16.54956450801593,534.3419573960102,1480.74693296518,36.040669425202296,23.908374524297855,891.7006736512883,345.17392022753046,11.872118832237396,185.9335300183239,242.2390439333324
US-WV-598,53.88148775997385,30.381732584635017,0.0,102.4797307917716,2198.6591219087445,6.939642424176136,77.51696742650662,180.9400933520775,5.776141469123105,5.285639243221128,77.69869834947993,316.6379190987811
US-TX-600,98.4598044874978,77.45838397320156,0.0,70.2204460698121,2403.6340488795663,10.946378329435403,48.252344679599865,56.78855274921006,117.87366827467865,22.36816443983502,108.25167422360472,225.74090768593382
US-IN-602,51.46405401797776,25.467543804186892,1.2499707317803093,15.911600778619487,2810.8523818403373,25.067241851213144,11.346881489376917,23.638219600229252,269.9725633045849,0.9118141299901604,519.3399161844384,324.27093642096924
US-MO-603,71.70040987377685,55.8321257764568,0.0,173.6046526364835,2105.3011230925317,46.468820417144435,10.336930826159833,0.0,217.7475709739524,157.396168695589,232.62677476388373,309.09514053152265
US-MO-604,50.17425512728411,31.567220265114635,0.0,11.734090791569322,2632.1188938309283,15.999803629247806,22.745743306251892,23.727828051958166,255.5149845659274,37.034593460236046,125.43795704081529,226.81850698500986
US-KS-605,190.24943616645317,135.91689934944574,2599.952771590886,6.922569471783198,2433.634322608956,21.883860465257463,47.11654520892269,95.73542703858637,366.41509623669725,53.4794394494829,111.31993890600403,235.8768576241359
US-GA-606,124.96295141174657,7.663103523102706,0.0,49.40976162516454,1896.5574345711243,6.646889621121444,116.10957258663039,28.778717003361017,30.167863956711653,118.20067165851789,33.07700540038867,116.71947885741241
US-MO-609,50.75731493049062,30.971774205557757,0.0,8.181311575781756,2975.356544985005,7.881940372471375,7.726252706207558,6.034630131813071,281.93725357918055,0.7601018518581739,540.432100159783,378.10498391437915
US-IL-610,48.33802459189687,61.92260600411027,4.023639717988377,167.44424653519047,2098.3013477217646,165.1645746800549,25.25666701075677,43.213565845887025,222.71104181592972,16.460577481269652,135.34049408136215,229.79929953096698
US-MN-611,26.24373256267742,17.41654334744405,0.0,16.273231309562334,2712.2246861223857,13.30277708915022,10.351926713139328,5.508305162338592,409.97373924696683,17.347916253767295,99.50646955499639,241.18866208853188
US-TX-612,48.2293930819355,13.511766679152743,0.0,17.77681442874675,2441.661505813249,16.698851361164092,0.8896660195363516,6.632540911320516,25.644151546544524,36.11302940204507,189.58664354925452,302.5732026002285
US-WI-613,52.94559447626043,29.016293593945285,0.0,12.05487198956254,3134.8874148907385,16.248437761802574,4.934618639486703,9.845041441919225,514.9290042777735,0.3434227954151392,501.4179554418263,367.30629482906124
US-MO-616,47.45848969813714,26.26723812628477,0.0,7.677674830004089,2980.8492368680986,8.686823591057943,3.0489738823711123,2.5511837462444724,287.8288750442438,2.9645868927490278,499.7217640205539,339.72755950475687
US-WI-617,56.52729612784283,21.910727045625553,0.0,6.383772541498025,2862.741428471736,3.8764921404149804,3.339973263374368,10.80632529769473,292.57444756919966,13.535485921683652,473.2962025311969,279.9935127068207
US-TX-618,40.20751924086169,19.678040723311184,0.0,10.422536770177425,2667.614658835704,12.83826750990773,11.95419714648478,10.674473817024827,170.5232603297404,0.099104641923635,423.54798966283835,277.70192276868926
US-MO-619,45.502136935350215,29.87758011527381,0.0,18.190883801913117,2493.243242167945,9.051693979189594,19.00967005475765,18.386437654413722,149.51805726884638,6.792070322005686,337.75271734442987,292.2428945798332
US-LA-622,47.821600052930826,18.825198757638184,0.0,6.583251556911272,2490.5986739427553,13.652797300343893,8.619669732665455,5.044335747631844,84.06709009715905,4.9892802597792985,431.0167218866289,331.10727450476196
US-TX-623,44.22904364879666,19.161556181268008,0.19637659220629786,12.831046080275256,2933.1921238716814,18.204504249807833,11.448548975484885,11.38330915224683,172.80133539142207,0.466421922529052,490.1610461365209,341.8153074738083
US-NE-624,35.43862986958855,37.938933111812105,0.0,3.408424789011277,2424.1407223425545,77.10850844623285,8.684331421165103,77.41526482550364,756.0978243812602,27.910556280105762,70.57181468529218,228.88939590075344
US-TX-625,44.72274768325638,29.327403708364248,0.0,45.723286205404605,2514.9242366726417,2.850397560752856,2.0548003792652874,27.73678265734381,69.2206278873188,2.0753737208474137,320.5623342446672,278.1213312677466
US-TX-626,104.268200099093,33.060298841700764,0.0,37.35663278619635,1031.2181299532474,509.16365291720433,384.4347659308261,66.17153773316866,102.50895975725919,289.75289026370234,144.9408087311993,153.74682650743515
US-TX-627,87.03831914264744,108.59117619048583,0.0,32.361854123363244,2105.8319033801854,36.8662753436713,40.465842272354315,25.619149548880536,111.7633198837246,33.28104073782612,204.47471939878207,266.3989915716604
US-LA-628,21.473039775227647,10.066353462714304,0.0,61.8573290675777,1976.5519954423269,32.91150802097634,1.5841391171731325,8.08162717614777,128.19436579910143,65.92140411148998,143.6535591360618,300.74277843584696
US-AL-630,68.12342891140754,34.69461470962687,0.0,7.480809725772661,2984.038998054863,9.713274223136883,8.836849146298537,7.386596140074546,67.2585614709802,13.556131372975548,419.41020603693306,353.62915925161445
US-MO-631,76.6100240387502,29.488360604012506,0.0,44.37540544232003,1379.7838821368362,29.10928669849516,17.56161366273667,50.60518610875453,249.64050280876864,32.395714557196996,180.53235381343347,215.77980742391756
US-MO-632,84.67049019082559,25.01549938930263,0.0,56.95027695116447,2577.987067219572,12.595450986858745,14.692222383347364,2.6653864689226756,106.58255173112103,27.15599542637081,307.2315427959057,331.33013696144474
US-TX-633,59.362877989715194,99.4449958707527,3.471775175720809,71.9298152439936,1993.1729109362032,102.29938852539415,50.44006350399138,6.545793842624933,152.5930345425226,79.3873996914189,61.90458319065393,193.4444481017652
US-TX-634,39.73312857633533,20.018035408884586,0.0,29.696843861258913,2193.019055216341,29.43327159916951,73.68849423237504,57.434917371716686,30.46359259828333,34.809332180270985,157.42179016437382,324.4544298525905
US-TX-635,38.208931243745575,18.368415898729044,0.0,4.152280445863407,2954.2805565465787,6.312119744236635,3.755989710346076,7.14239981195406,116.04801175081202,11.85550426704244,413.31452360091964,278.4587185245286
US-TX-636,85.60002577465221,18.562383829187283,0.0,58.671854373626225,2332.5100601736995,30.39634342553736,23.501482326752505,6.700149197584978,224.45177611647307,32.53295871232686,144.71389972569537,269.8666690783101
US-IA-637,43.9260061374023,37.526605005428195,0.0,19.801027106870798,2836.12042108711,2.8195310985250934,4.831022105128337,2.9107166407358966,551.029047160119,13.708878143803007,273.1421033825868,287.20385130747036
US-MO-638,272.2755007813848,86.44786675758672,10112.826728085,35.14613459073804,1392.2518673221505,101.20856525861605,96.67165345499085,87.5296221984047,109.09243321340296,42.27809419424357,62.88252910893793,128.94269218237724
US-TN-639,44.724798745537186,10.712546715737128,0.0,25.65434542961316,2203.602317009768,21.261093906599246,16.001627568824926,20.93895160600211,48.30763031380703,54.862122670670864,84.22634661392307,190.28556914227087
US-TN-640,50.24264154814964,11.917372424723721,0.0,11.947277849493602,2629.695421877193,19.050636425507058,23.26847274485263,10.39643095230826,64.79821364998757,7.906224499006937,355.37917691720673,280.8341592592664
US-TX-641,53.58915537616892,18.61527160982872,0.0,14.376425922719482,2756.7305060256813,8.852799265426055,3.2124163079391725,5.773962407472032,155.97204285985578,0.8595290355694799,410.99634405405027,308.3982722605702
US-LA-642,46.145085102305444,4.8096947426152035,0.0,74.54533289931355,2253.0885046807057,11.581095763379711,40.69127832379701,2.3905690218441458,36.44903010868365,6.34533887847952,93.41116009280101,294.8408653817583
US-LA-643,380.41948927247466,34.60291010035435,13.453345276425859,51.9808235505947,1848.3731333241908,263.8624666289219,165.40088179478778,272.33403404171,175.01101711137738,25.419537350749742,17.767132802521402,171.04407031663894
US-LA-644,1150.6840329092083,522.5949142453761,0.0,15.660974240030725,1687.6126014282459,11.520237497405557,49.47614394176262,26.47743837676014,307.5830733651336,604.1020728498216,151.50472210330148,174.32316588691305
US-MS-647,1853.9304916233273,188.2218594385314,8607.052328179447,1152.2527355707377,1393.4722542700342,302.3748243675194,599.981727125033,990.0224347093517,890.9348181738482,834.0811431478845,17.814015382464746,217.82333962273879
US-IL-648,48.95299067411829,32.51318975351464,0.0,18.81853312000158,2719.843559642028,18.80203768216957,4.774694659714334,24.5373329028531,294.9019918473989,5.294591134737506,299.74122533959377,275.0229201869731
US-KY-649,63.059090829857276,8.760631573698888,0.0,16.584185918364163,2603.863169928133,35.494354610927516,6.034087416977707,5.2975617133095545,89.22948517980845,6.465793344488391,177.1699003689447,357.7492105990723
US-OK-650,56.73825508604854,16.958091253295642,0.0,13.892133756770523,3034.04046358536,11.581056462480992,4.046842713413096,1.5143132047467818,98.31772567164664,8.19327956115142,476.81857941197205,418.1600920403978
US-TX-651,40.48775057113258,29.767996166858257,0.0,5.555643307660717,2285.28841573663,26.25721775937647,29.972301719612783,17.593373810352336,42.57385831738327,9.493924136573574,101.50807159895382,251.0168647835098
US-NE-652,39.20462772377459,20.696418350373857,0.0,6.259705699913428,2994.7811625160984,6.589575852540315,2.523432178640515,12.163092567798246,482.09932404636066,11.0789338425066,372.6342560057658,315.4148084991339
US-FL-656,58.35017512658564,20.865465435600864,0.0,34.20614245563161,1863.9433739879266,22.895871667997238,68.03293150887164,114.8432516603653,15.993275438372592,58.13099611730139,144.58335771470905,131.96429317555396
US-TX-657,37.22801807548002,13.688755749272227,0.0,200.26774935895835,2110.0293735599944,60.86322957690227,95.23569502484891,28.612141506937117,98.10793994588225,1.7863971908580636,66.74145512313706,312.3866138138077
US-WI-658,55.68901176134087,18.893350031069552,0.0,2.505868760270985,2659.868734756054,25.851945378123816,9.53534489778039,10.535110618266527,326.3702532806131,2.7443756828980765,321.86565692622304,284.7628020971503
US-TN-659,53.48457151724148,19.150383449375383,0.602844811494253,14.062451768549947,3087.44347315915,9.797096461684356,4.314711190599944,6.280278086050818,122.65915750366506,0.6006542354854919,508.35317700371485,352.88262541506737
US-TX-661,63.50013127398761,158.79745532335352,0.0,56.3892225978096,1756.6453671601748,36.04067506257738,153.53273179501105,470.3266936143698,81.74549013476293,12.416211343729632,29.55487288029053,187.33514307829398
US-TX-662,60.01267167894579,106.47850565669387,0.0,147.29010142530876,2126.2680368394945,96.33787865153231,75.49567321869957,6.684662813746501,39.63532270690593,80.67261564435772,77.90809182370346,149.39405404405116
US-WI-669,49.059889815875835,31.077047717506026,0.0,5.9689619324706795,3026.393578601148,5.38693746702993,3.0959249708775554,11.863179581041123,365.02975304600216,2.929700576418981,419.903888028088,315.7228513196052
US-OK-670,86.58084675332236,10.869535987466737,0.0,11.052895305682187,2784.623263822468,92.76989151006511,6.5839529444815375,7.6181242107264,81.4848851439071,7.990874549238702,240.99105309088938,545.2594933526223
US-OK-671,55.199193996273586,11.915559243721162,0.0,16.970830539791258,2729.762489474042,23.456732076808215,26.25161898812381,8.09126587695145,77.11585955234563,10.047791247359902,362.30358350718467,349.2845680882107
US-MS-673,269.88379233511006,218.29818542271244,0.0,100.8369141319526,2390.212100892214,40.99416620370543,87.98008776653589,80.59809233455852,50.521404005245664,17.983127947808416,92.54122729181908,334.0817690540344
US-IL-675,48.52277939702736,21.64197421709649,0.0,10.98413059073864,2505.7819069727243,21.66522002472597,44.2546958231215,10.323897846432294,250.77064652057206,12.006911191388408,180.570860086829,274.26249551015445
US-WI-676,83.09691876966824,38.6319071347948,0.0,27.223038413728435,2557.845240197234,64.22984039250383,20.361805701032733,4.7769614366772,404.98061161321465,6.363352305204962,136.38299992725436,276.69372741568037
US-KS-678,40.20619557605603,15.000181402527852,1.8835546513064023,8.26120706346962,2514.7553407976957,26.38215936402948,8.974450582845343,4.655793471851642,322.86085121504686,10.432565038628843,366.18266002366215,329.734440920816
US-IA-679,55.72600256699123,44.82927945365421,0.0,4.920400700946663,2894.975428923379,16.289697932004096,26.980572145483876,22.55606110010943,543.7427768433063,1.6522249273627185,318.01496182544935,293.39585066305426
US-IA-682,65.1183134921544,24.619270178180617,0.0,20.2273378471465,2362.500561805399,4.695104755913578,16.405773080243375,29.991793982323692,355.1130060831935,15.994846518794228,151.04553961406148,262.99378780794564
US-FL-686,55.804621631683,15.272227520507233,0.0,9.677521205870217,2477.9655036792697,12.429056577132629,16.733195650654856,8.760522175122798,52.15256189006209,0.8817636720408106,384.24970067523077,277.1816283741005
US-ND-687,72.02894290207864,45.49355884976371,0.0,27.391716894622512,2415.0353035767357,18.0299479752419,15.099976045324798,18.30841104986524,469.3099310238946,11.209229701178474,56.81563436451689,276.5111741811151
US-AL-691,52.980069629679434,15.987957684860943,0.0,11.967342698377827,2838.9565223127265,15.710679127720697,14.605815295884577,17.220727451121782,50.69077603151743,7.828538949897955,304.7955562600594,322.16151121178655
US-TX-692,23.81976289246854,97.43377191862706,0.0,22.196585832676195,2076.7636188911374,95.68774778423177,12.794652448684891,11.855335579709559,19.612729631128,171.9732266712365,137.92346978497798,241.91996509787117
US-AR-693,60.79307474169167,11.871741237729873,0.0,8.944380350635624,2940.2801033388646,24.100998994333178,8.442386741771719,4.49274284252094,62.34995995180033,46.17811714089814,390.4900901585287,342.7107266205599
US-AL-698,44.302564490552356,1.310647232813269,0.0,17.396478980368368,2251.638444194835,16.709961328555483,18.633938101871493,10.124080762074573,45.523897588562804,6.246347093997774,121.08112036215626,218.3987619309899
US-WI-702,35.47451620522088,12.820694085726542,0.0,6.641860851055659,2717.054713870261,13.120624397394657,32.16410897302555,13.880989098661992,393.01425297000696,19.37849375150054,127.40564598388754,259.6865416974724
US-WI-705,83.12576319649632,6.204204488918775,0.0,50.89993458458017,2504.6702182128083,3.8747408388571616,13.136909162687434,18.248780443014596,335.99557157469263,31.155363068569386,79.00204687767939,277.45862178108706
US-TX-709,86.20098791999368,17.78897276530385,3.2479964505766485,67.48817910294832,2479.9391479026813,6.613278527350331,19.65006856052123,9.545217581996672,39.81981451494416,87.06587577924986,133.59122596066817,334.4283003710216
US-MS-710,127.24965845495707,152.826206857218,0.0,165.2235449440831,1866.980424370442,285.42736198492435,3.3476010706196804,122.02295667546178,246.6102482696184,74.2446274427694,54.971909024818295,167.54966243914083
US-MS-711,21.128452173253745,922.6740503989913,26.251906248805643,646.365286411461,1683.160083207493,4.776790153300402,1183.6678313402094,663.3392861856161,122.77840409288737,83.10526085438909,679.5990268622828,730.3038242811208
US-MS-716,38.56082974530534,19.372666449507584,0.0,14.622038570854855,2526.676944267616,13.499037238779168,28.893813489687137,3.3372321345348657,35.371006841145416,6.578387931594142,227.05578232283906,256.4577920147732
US-MO-717,41.229760492947044,6.154085712838494,0.0,22.48196608868868,1963.9218931013643,33.27023782517887,19.65134845122685,7.54835745922454,311.0252606492541,60.76165973713,118.60961293550669,155.52723753189179
US-MS-718,69.431465840607,14.76915347411689,0.0,16.36044793202697,2686.702823130914,9.389135688050802,9.079474549778809,11.931736720084814,25.909783471006854,10.20337547051079,203.9261980526488,306.740639624996
US-NE-722,37.78622840249978,77.94092703252342,0.0,8.179037847523329,2736.38428133709,15.190874180855731,40.275991686400474,34.03549773317318,590.6881174790459,19.256653997456485,144.3489593096897,283.9230126416116
US-ND-724,75.52239934171781,13.84698376136883,0.0,4.468030968105166,2588.8168134592274,14.404518811228618,7.247519747684206,14.015319497222496,508.97882065340764,4.21423112983523,175.6650374215533,352.5189695179624
US-SD-725,43.647566501753545,33.477119831339756,3.5589955705609384,26.770949129899318,3054.42865848496,9.539934327502976,5.92479643657883,56.47640000922704,844.4639673446724,6.041349183916878,196.05178090075563,374.3164863490108
US-AR-734,32.185467284601,172.30895381375547,0.0,74.58630950482602,1927.8856340710636,360.1555820502736,153.92891803979865,113.23418636708627,55.25325620431754,59.62872910893188,151.53890644558567,342.4406098055588
US-KY-736,90.16620424039097,17.356923827020843,0.0,34.864788826246176,2283.2753168595705,37.03390903989016,103.72148749911634,4.406057002124428,17.04820735659545,18.26923419502439,197.0506808224862,297.7156788308572
US-MN-737,73.7434948256425,38.29434254523234,0.0,84.75985814777019,1526.1867552054991,63.11724156191424,36.125342645861906,15.343923073441331,282.3948111900344,25.525503112157878,197.17347687683275,171.1077224822503
US-NE-740,314.265862001923,362.3196761043988,0.0,651.5111686358466,859.3167785214147,1269.0951507996797,166.23951655910554,407.47190216268643,641.2404947480512,157.2701131857219,257.0588471740534,331.3684650947023
US-AK-743,35.209566912641144,6.517516810608182,0.0,7.93455095897476,2408.4123816741735,1.7661238082500184,19.002757606190258,16.38254006555489,112.16750292589454,16.499050895020936,120.45407671360329,188.372862110701
US-HI-744,48.86549199120668,25.559741553327132,0.0,6.7124681815806015,2491.19794482223,5.530140194608367,16.601018441957084,0.4891041916236576,108.86936167075572,10.150482386158899,306.3711537411198,189.428751328252
US-AK-745,84.92181832149171,104.98441944224706,0.0,98.51093959117102,1036.2342336562497,71.50221238691175,67.39344921669387,151.37118745323778,177.5609751862515,45.43768050040709,81.43230217771834,170.54209403844382
US-MS-746,36.104284684820264,2.0504569814195066,0.0,12.867286459503333,1775.599709009267,56.81382904541545,23.496859897756757,22.04297822698672,30.14722972743347,46.151152816552894,157.99068210127038,163.6106957968383
US-AK-747,100.57538769188439,83.21495078063488,0.0,246.46790469220934,781.8808968418961,269.76489368764993,25.895041553501166,9.965524772325967,52.93462649239674,27.948316453619206,68.44398523905681,328.7514558077127
US-TX-749,242.30336105431644,372.4399934040845,9005.878396550559,167.97906561754073,1690.4301364528988,287.6704995684632,208.17782587938376,56.616368642472935,293.36481569747457,173.986827947078,47.91894279951455,118.59374321702292
US-WY-751,47.30090810705865,23.970881502372748,0.6575343462370294,15.219823416871733,2881.3396939404133,14.907356955770943,6.213746977454899,6.195251193762441,231.06221483261007,0.706445870267451,533.3512116463223,311.419566941812
US-CO-752,50.479306154804775,32.83256382366203,0.0,15.961453488238874,2530.8473187996324,9.350653956079336,13.334634477828775,8.872083700980761,107.3543850936844,24.941423521229087,370.1308657014413,256.36442273200714
US-AZ-753,45.917967542252754,20.3507975564675,0.0,14.56877270037489,2692.7335549429645,22.912310173835618,6.3117204440121295,9.731951006942266,188.26384713923844,2.420427749418169,521.0910659745924,272.77444368689436
US-MT-754,26.69506625679147,88.02769047908497,3744.147396104325,61.17678499080395,1878.0263818243445,60.70181341729138,10.15385001862594,77.01190356499185,144.88145194007808,113.70204804321617,50.81099365730738,149.94067652317764
US-MT-755,138.18331288295332,154.49777904075717,0.0,200.36158924066342,1412.48841311713,32.08349557005656,83.12879494870361,122.78004130237758,228.87223691125612,202.2165468782303,206.07723437151026,197.80420752279593
US-WY-756,33.36958621386765,65.0110832748908,6.732018431574247,140.24248224045147,1975.1527398258675,34.051682154450056,11.00041482640311,8.731141314083315,199.8111762512271,46.6740615905921,40.46830454913065,116.6620143544581
US-OR-757,39.97276057184053,13.12552176483926,0.0,17.989530564961797,2459.4862983598377,2.7367773903367287,10.6401961542255,21.353631295930796,170.6426935361163,13.675292064893354,280.5992905429318,230.11636392948878
US-WY-758,127.76404044299004,102.08286621380991,0.0,11.148590475242766,1980.2306458636047,24.61181212015855,106.9927936081549,23.002920903432816,156.30239623713422,26.630605629030264,98.24373196982698,283.88573698163117
US-WY-759,49.12088519489966,29.631243438152914,13.245446830568858,28.758649147816758,1700.1079381913476,49.779976448056374,82.60084216334874,24.29540240391158,117.20731931343184,29.473528304285495,58.69585176278229,125.488583883659
US-ID-760,41.95397568518458,78.96206711972187,0.0,174.36663729828868,1703.864854026338,58.64582374812161,26.911339624724402,110.87804766704083,110.70265118905952,102.51574907754228,78.94182440093151,207.68019994727226
US-MT-762,38.573074462532524,52.04360104225441,0.0,18.59086462192539,2175.780188753237,32.521261864916895,22.211878223398397,73.69140686229169,138.20353040976582,121.9122521578844,68.72505602914943,184.77413193966487
US-WY-764,66.31759198901611,65.50216810504119,0.0,32.06749741881777,2042.9758357326864,119.27582300981346,14.460365905195193,49.77582798970955,309.162552100116,66.0418436746478,53.700312167623856,126.14498325829045
US-TX-765,65.69585192477916,21.859742512557336,0.0,14.936898936525823,2241.993405074127,28.808276915411394,23.288965095081586,3.9975218111326107,141.5890925241145,0.9434142243964658,287.95641476043374,199.60561423099952
US-MT-766,80.21944017602384,39.36727747243494,0.0,25.513717654536162,1414.393883510602,312.3015919091246,172.7269199212581,176.95781225518104,105.758917676174,394.97594620161766,38.626043055933486,97.72558610822122
US-WY-767,128.05597507187952,47.023524554051185,0.0,88.58557531724456,1616.0841851339858,55.217982387645144,326.3552836825506,116.7101734834684,143.58188174544003,137.75776111278134,970.2995276065245,204.09666279743465
US-WY-770,40.92438298166582,23.252291553872407,1.6662409338360702,6.1727781827531665,2833.9610194685893,20.713710386165662,10.907056370402184,3.1790708646152646,260.2882590389382,3.6417690610150233,513.8317348009838,358.3945306997525
US-CA-771,33.316328210598776,124.25888062428646,0.0,466.3017963568066,1696.5545146370116,123.78309631477278,36.647677971246246,423.33421082954555,543.8488497707899,295.64360847179603,267.8179425078449,170.94289446145947
US-CO-773,212.32230510726893,13.023180361592818,0.0,17.41676233178721,1710.2398748805997,87.71020834191363,20.846451154835655,2.532217846191839,350.074418191292,123.33210008994128,67.38399915442234,111.84701167142909
US-AZ-789,43.386165764910444,23.461501454968516,0.0,15.345624808471864,2505.3043483460788,14.546481840525486,10.284319892169185,0.7115828047062971,105.68201288071654,10.842581468764884,402.2532668202509,207.76569603979115
US-NM-790,64.75807608492897,30.69271325258506,0.9321876297779655,6.30692046974875,2737.819377993895,15.30255650147414,10.435668855850952,4.994954387315887,131.19121066241658,4.136299632812042,442.37575958999605,305.2314721096996
US-MT-798,773.541539208568,255.0387139366823,0.0,2254.116075229128,1869.985680647478,1966.432678685654,1602.991400281262,397.10412190526995,741.2349959971141,825.6194550454888,259.28469647562906,795.1820690247005
US-CA-800,104.18531644973162,28.546342888745755,0.0,13.649573076176102,1891.1498115772604,22.79856056132298,29.823516405378104,17.307158904733736,95.94847060463303,15.08285052746917,153.04559580444092,239.64659556907532
US-OR-801,43.61733191560655,23.102138787430995,0.0,13.238931443666552,2422.6206438018544,29.758267050086495,11.32834241629593,21.340371290116988,97.84103024979237,16.61800233547694,275.5866627660181,191.4332869020738
US-CA-802,164.95171180805306,64.3833912173581,0.0,73.44354704237622,1309.8401300362334,109.59375481289264,79.10676983685752,56.772708509658095,112.82357273365729,50.144195535169246,142.90708818401964,111.75362900679603
US-CA-803,38.036626379815424,20.222338916323224,1.2824395747560102,11.956158423432205,2556.916889684615,26.650848633282795,13.225436086332639,24.756915992193036,199.82117523719066,0.2573514999742293,489.76914048589174,220.13758710734538
US-CA-804,121.2222431587539,75.53606695223517,0.0,33.921284082807254,1778.1972198360406,12.033421364457801,44.944337400402674,146.14630281752562,52.16141335970366,31.434923897041543,98.2301807324298,144.4817516561872
US-CA-807,47.40581942776738,30.118657411784593,1.8117804970724458,5.271615680136054,2821.113741838244,21.78744185359556,5.660239790703613,10.687766514515218,241.6575597522228,0.848767848697359,428.13425444728927,252.26020053771302
US-WA-810,40.68019716824595,50.85104878313413,1592.099298440676,15.769438112994479,2247.7020367107584,15.640223734085335,39.10994206206236,3.7742097160272805,144.65255394161363,36.75190410163042,221.3419102857069,185.54958193029128
US-NV-811,64.04565553409365,36.10395215586946,0.0,24.66353084968787,2486.668775905988,7.993606175808111,9.204700747803313,12.42111663595108,140.66461926987083,4.834375125494876,267.0332729251346,226.42327544992872
US-OR-813,146.26286349149362,47.583406037860186,0.0,23.912398505340956,2240.4386266183665,28.62098561302367,20.077618668074564,41.2155971478548,118.2432837228663,12.138539534142966,214.1974609919074,180.29601829224129
US-WA-819,47.33378729233651,27.49261636749892,1.3554970760282186,13.074364066034736,2933.0314350219373,20.08988234145175,6.151828092233148,8.794477131259102,221.35524281404844,0.5203567033911951,541.4388374897952,273.1674637276739
US-WA-820,46.3362797656762,23.489576462499027,0.6853141852869918,8.650245923623736,2753.607209709431,19.77805576027826,4.2917736701165685,7.6065190621796575,171.21745492939672,1.8430567815214356,522.3346778818639,263.0309037789779
US-OR-821,38.076600710013956,100.5012261152628,0.0,16.02990694436987,1999.023418680227,11.225323554400438,18.246307293241408,128.74540271698098,48.44333640821886,42.451914217677604,98.13493735669238,233.85531044767342
US-CA-825,40.83572679800902,22.620561031402232,0.34643639584363056,3.873195885507205,2798.7528493699224,7.968842759623518,7.514312270079077,4.787244031555786,190.967891377855,1.763641143667398,433.520837743383,202.9338919778341
US-CA-828,59.926074018155234,12.3631169151857,0.0,33.56181786210317,2265.687366466164,4.3851430406093606,24.433017765286404,44.81091912432545,89.490558991085,1.8081427681362034,129.37587547454908,170.73137238993266
US-NV-839,36.61788832433168,18.553103616706967,0.0,4.618948517927431,2115.729356549708,8.594705501899446,4.869367561868713,18.359024616112702,105.89197542361585,2.192921882773246,433.5970639445205,180.57225553164096
US-CA-855,34.9036823039228,17.962435401352252,0.0,8.475291610736177,2402.3927019952,3.3676166905176643,19.926948991945864,2.2881655373506624,75.69650046755378,27.918372949001665,216.38800651154324,174.14436506260498
US-CA-862,52.61155721535227,23.62212657681289,0.3190978059617671,5.359328104111705,2744.6377207777505,14.752069370548442,3.5665293111958274,4.3376788778960655,179.725915347749,1.044224837787054,454.1274452624219,266.8363594476729
US-CA-866,46.40931936747368,10.04897666354465,0.0,14.658809546384484,2222.107850696964,5.877798571545198,2.477969223499447,12.985367924856169,135.45118972212873,14.449114262631094,346.99402027712085,241.37220146058135
US-CA-868,38.57444266051171,22.087413616339038,0.0,16.452323901363275,2095.3066856878218,16.365872342631828,17.89311884059363,24.17423964327609,76.80302962569012,21.768432609588224,145.58667738182544,219.47280197364194
US-WA-881,48.767240091322456,27.954600564342805,1.5548268216487413,8.159679155019397,2637.4376978496934,5.842459715855059,2.587273272842556,9.079575588949702,204.07290987319357,6.100899701618619,420.0881127522862,258.70731892364734
US-AK,54.952087748342606,14.154788932245571,2.330532989498201,5.679811089938007,2527.6377853579856,6.348494466380676,6.51518589802691,18.467100487506915,112.387695038945,28.833584879699174,242.0841370513199,227.22368422480488
US-AL,59.959352620062745,21.09359692474926,0.0,11.962707413374197,3057.659398150973,15.696724857519927,4.928700869010606,5.132969963352305,115.31150592734483,1.9778527188256045,490.052711678124,389.7402018493361
US-AR,62.12498042642443,31.96599538358449,0.0,7.383022598253226,3038.4976741906275,9.64855082185169,2.5322151655980187,2.351950959269101,112.31368116609984,5.1226552300039865,463.4807903002953,392.41289391156926
US-AZ,45.54071054746863,21.74848966975074,0.1768281416133102,12.73532157369625,2708.205407663843,24.274131021565207,8.314662477440105,10.219137098318214,203.16399818513256,3.0098147735320318,533.9271353238471,280.921150432173
US-CA,41.562871942565685,22.36241410880199,1.3323234750664723,14.17729838354045,2706.8187157256734,31.054839639438388,17.896774077628493,28.341053225254115,251.98546340417056,0.2439460710439147,490.4983111950616,254.95019112901667
US-CO,47.50206434560688,25.880092458770356,1.4424169517921077,15.723327773241735,2877.4523949934305,20.600804896828457,7.018256871029505,9.038893633719628,236.59821523796518,0.68934103729561,548.5869841899784,328.22513385225017
US-CT,59.444849925433424,30.69057116928045,0.3945556982280195,8.901396913026128,3100.949903868759,13.890661454017305,7.572390648506866,8.432526558267794,161.73340949323045,0.5002155023268874,498.247234840094,289.66762962077723
US-DC,34.06910760851049,14.838222857158046,1.1245601967804275,3.9108439651857005,2882.9806064820345,6.657742759655212,4.509473537152561,3.6938085947921144,131.33176171716923,3.016805184998674,421.02964396707534,203.03520771402034
US-DE,62.59176624111642,24.78797720167639,882.271192152146,18.2076879926863,2424.072283255929,13.361979320528881,12.01865775209973,24.31995948119436,53.75470719355969,13.167895942176246,301.8605829792444,252.8756127667777
US-FL,42.626385905446476,20.481642044466746,0.821671711466055,18.056921963363834,2617.003014486746,25.85716771712079,15.740908915394543,28.919129494013205,217.48745919340158,0.9471294078103433,524.6160191402098,254.53541379123016
US-GA,46.16623752688817,18.98182066404034,1.9193090247966202,16.524819535129947,2839.5622776026994,21.115881781709763,13.071441673607724,20.582334420383575,195.23352908181067,0.5508880615166678,514.9368229427332,310.40492946543856
US-HI,48.48114427968802,30.833476396021414,0.0,22.783021025429857,2531.1482929197837,19.892523806892275,3.213438678959592,7.889335659698531,103.86165707457425,3.378253364990975,287.61423144563815,197.03168574231162
US-IA,48.960822482640644,29.03806309530837,0.0,6.276880130697473,3128.949815132423,2.487704859530936,3.5587312314558748,8.898582650892346,669.5871873651279,0.31341330969022124,447.0318074605196,372.3057434112059
US-ID,50.43396639290106,14.89412406740064,0.8378174918492426,17.662051767770034,2570.7437340786664,3.220949219836893,2.0746451877617362,10.192536402071887,232.83768933234546,1.270177610592743,452.5744849400921,280.5731548993181
US-IL,52.30868725475743,25.44394730564229,1.0407260017468092,19.30247042708568,2858.9437464725634,27.130625114364257,14.685811068271052,27.318674551229364,314.5342369536958,0.9329402360249045,537.7531604437643,339.6520781329036
US-IN,51.22875233975438,24.591065776039436,0.4795530542015925,18.852309768832338,2910.3333860314438,22.818921970600908,9.023337820292468,21.8399170931529,278.29325794957356,1.4459001782624428,565.7264884280257,348.4940175306431
US-KS,50.306572840019406,26.655648124314162,0.0,5.933453906326627,2889.1562749463533,6.8124810878293856,2.4959963660297646,10.965026131657405,360.9198421776914,3.6169413426233774,465.3247596077763,342.088346456388
US-KY,61.367840940264294,26.86561409248704,0.584053244116078,14.313800827689906,3160.817158345959,24.454374550356935,5.940888055799784,9.09734889729194,142.4313238011419,5.346828281483198,586.586961189861,421.95058369094016
US-LA,56.88772254745588,17.108672648459716,0.0,6.323439121493101,2712.538961995779,10.030695486204763,3.436604488025389,5.273044401673841,121.07776538224306,7.010207849595767,469.28465879668585,381.6951569513019
US-MA,52.78620675483175,31.741177547093724,2.4427679873715324,16.458332513309585,3098.06193698904,28.586936409925457,11.177663732309167,22.682606579908388,212.48336874936226,0.7759292348011513,576.1594561452333,311.42369015490766
US-MD,52.07064844024489,29.29232179413269,1.4072206260175932,8.862615564594178,3138.8369811573275,33.10033455108889,6.2285755436256265,16.595210179760485,257.92548092369964,1.6046880377928177,506.76712271572643,311.8425941842054
US-ME,55.733893843233865,40.91976196882966,0.0,14.014951063583501,3013.9511082117288,7.737552099502309,10.34476788679371,6.704935550163837,207.3989450365652,6.341988076613847,470.6799894745786,282.758992128638
US-MI,52.95413693826528,27.660625051411788,0.5513579666247774,25.615327322469824,2924.3868177657255,26.998175384053066,12.06542811038324,24.108526467035293,344.94686214501417,0.31687330702030764,584.2448474718134,355.012725660898
US-MN,53.41096236602572,30.74217392834254,0.6405993111628837,13.033663861296874,3184.456987901444,23.66359455958546,5.595282682954362,11.997943594170827,560.4071569967899,1.394450224376656,522.6097833308049,386.44397089309996
US-MO,51.41022918527649,26.03454200926843,0.0,16.098494894903897,3033.8496818402973,15.078876084596608,7.202646963495532,9.296842561817284,325.29216401043715,2.6911780242308643,573.4159576377517,394.7558813726996
US-MS,58.99352762691968,12.299886159414383,0.0,6.002416678571011,2794.658769772738,27.47271345645978,1.3385325802973185,12.166069476930016,94.59406470210779,10.672399420236955,411.9197548504361,382.1523343190029
US-MT,40.406578262892594,33.203417056915974,0.0,14.276887997208389,2627.183449304889,18.629321757793488,31.6634221509117,4.4628202456329396,319.38463333816816,10.25659556902768,351.78315554716085,269.66238628550263
US-NC,54.52521662148406,24.095135518439726,0.49126015229138853,17.366024597643076,3005.740568419231,29.52036605930029,10.26589175636945,24.47364863480016,186.5017081943724,0.15016087502503045,528.9907455873349,351.9432281934525
US-ND,76.61934213543846,9.185266920069054,0.0,12.795192319228008,2785.840640962166,13.89899528295072,4.678374961536681,57.39563364650921,549.6567348990872,22.90919715344636,247.3047221140358,326.78220118059875
US-NE,43.0290547909218,26.54788119962913,0.0,9.989007765045349,3107.598796310644,14.706121980047584,8.010044666165486,23.83946584748155,605.6168556524332,5.307165792980356,422.0383334826423,353.46647524390426
US-NH,55.802012956366426,27.860563680249932,0.0,10.013732807606656,2920.462290716728,4.263181483528136,11.334043779681615,5.312629046566589,99.52943526648473,1.4677675756627186,501.6076799221494,294.05873498749963
US-NJ,48.82942364270172,24.786119918493746,1.3713353842799014,14.41492306665991,2894.2058722955844,26.633251066492075,9.501717142976794,22.9803667745463,169.59997405089564,0.9183171049056235,499.3567275463708,264.6598916609553
US-NM,53.38959257602178,23.64882773496696,1.0049080915898319,7.068375077516414,2714.340267451366,8.284972275997186,5.634165814948772,5.888044997539587,142.5136509938533,0.6779496985887562,466.55983521808315,305.83104564347735
US-NV,47.03639609115019,27.38139831360653,0.0,4.461031783865895,2311.1741191587967,9.931243340863883,1.5627243220903624,4.992571230481418,139.20835612927533,2.2813576041402888,446.658542326403,212.7872620115927
US-NY,43.39568322036904,21.435780604098518,1.6634536691034105,19.815190169732738,2816.980771198873,32.5555660626953,18.775613328553025,31.982171816807867,206.61729984732477,0.26656208330418246,526.2672462360727,271.15343505463284
US-OH,48.716918024053754,25.389217880337647,0.766671981406505,25.83152042610865,2940.0009669243877,34.95195825320648,18.196998760226936,36.76279288479025,271.1746115445608,0.6936452092722701,620.3222317162731,335.7946289967112
US-OK,56.10047620287833,26.14833338637302,0.4264820598278208,13.250869692795904,3067.1817171288844,13.711779270041996,3.7899388537150793,7.8771532125524395,129.2531993860158,2.6202890930801033,518.3145100687602,427.1836582013506
US-OR,45.70376377916049,25.895501295568582,0.2727312204609201,6.4398606342160685,2771.914863886046,17.298892387673753,4.696595325814521,10.493423329712725,194.38082229769176,1.8580390292553621,542.9075000560548,266.4194848728709
US-PA,54.502609443233396,28.550973074742924,1.373395325358793,25.332836021031,3002.5848282660486,40.54472484737457,18.593036335904596,36.421105954018884,234.52805057354632,1.3952556762509962,638.8910419285812,341.40518255165995
US-RI,47.617881127996185,29.454165963076914,0.0,4.2980098919320575,2917.726203841482,9.252953266808746,3.0816939972218917,7.1015263255300285,66.00821959441608,4.877283981571859,389.98821237669955,230.4458203074054
US-SC,63.688138757490165,22.43566957925276,0.0,9.422796381224886,2863.8864802944236,11.54296177003106,7.6140624784974715,7.962399743274912,119.66848572314052,1.0910891823445052,450.6450779298617,321.97034220002865
US-SD,52.81641529358319,43.36187682769143,0.0,13.133751089633519,3034.193037695988,3.8497518523614342,25.649283808541604,5.924768384223175,824.9667401284748,10.170790503446494,254.1615436466471,361.0341491120727
US-TN,57.37532733525162,22.065130955237933,0.6155118941305788,18.58462788690437,3134.5975040345547,33.7568865086828,9.99897488193482,13.070497765255089,162.6353976935492,2.252633595278872,566.4439869672387,386.5847155968116
US-TX,42.560047615605555,18.6484540467197,0.8190058757264147,19.58365921653842,2895.0413844312775,26.523169792878104,22.50535354971172,26.56492160632242,222.09592552357645,0.21743565162737785,521.9893417134856,353.66687915556315
US-UT,37.99468701659018,15.434656357574141,0.950046508796769,9.135158471607982,2819.3675472630284,18.072291290152044,4.457803795969978,5.6275423196842596,254.50288053783441,2.483397695135726,501.4318713307809,330.07018115510283
US-VA,46.303387552217906,25.398449513927684,0.7359244836676566,14.809452147686615,2909.513633396731,26.69288772495021,11.00774369556105,20.68058450240317,234.14759496365429,0.16265175776378238,489.43184659939584,297.35911634986303
US-VT,42.382695989444706,20.395141516408888,0.0,9.097748069128277,2666.1333658988815,8.222724920059553,16.437598889648367,4.765567979095867,64.9215651428164,8.33879383990264,304.7271382431373,227.16571968438853
US-WA,47.18456553714813,28.016040873441238,1.5781072857531675,16.64818496579238,2929.4120243530515,29.418749090372415,6.26861903574144,13.187484289778578,247.09436678147958,0.8167495146107178,559.5366464309136,285.57392278402335
US-WI,59.6803419464128,27.810354775848637,0.0,13.133024097558499,3063.308739697894,11.973451672214358,15.125574362985114,13.170796811083754,448.3970321567258,3.041992386158138,545.265415074345,355.2142769607036
US-WV,61.27119047951767,28.104774500245036,0.0,6.45223075170859,3044.154774963012,7.345427815588972,12.044397216496254,14.449843770343701,100.70358339302203,19.57048738949245,598.4066125754424,416.89009797491764
US-WY,47.775706632277846,16.948014621039786,0.0,23.65611219249664,2447.1289129375887,8.17831201010115,23.4695887440388,11.13457371771322,289.3369190373921,37.310454376029746,164.99106658894516,275.9385599037626
